team,striker
Argentina,A Ferguson
Argentina,A Kirschbaum
Argentina,AAP Rivero
Argentina,H Fennell
Argentina,LA Musiani
Argentina,P Baron
Argentina,R Escobar
Argentina,T Rossi
Australia,A Symonds
Australia,A Zampa
Australia,AC Agar
Australia,AC Gilchrist
Australia,AJ Finch
Australia,AJ Turner
Australia,AT Carey
Australia,B Lee
Australia,BJ Haddin
Australia,BR McDermott
Australia,C Green
Australia,CL White
Australia,DA Warner
Australia,DJ Hussey
Australia,DJM Short
Australia,DT Christian
Australia,GJ Bailey
Australia,GJ Maxwell
Australia,JP Faulkner
Australia,JP Inglis
Australia,MA Starc
Australia,MC Henriques
Australia,MEK Hussey
Australia,MG Johnson
Australia,MJ Clarke
Australia,MP Stoinis
Australia,MR Marsh
Australia,MS Wade
Australia,MW Short
Australia,PJ Cummins
Australia,RT Ponting
Australia,SE Marsh
Australia,SPD Smith
Australia,SR Watson
Australia,TH David
Australia,TM Head
Austria,A Randhawa
Austria,Abdullah Akbarjan
Austria,Aqib Iqbal
Austria,Bilal Zalmai
Austria,Iqbal Hossain
Austria,Jaweed Sadran
Austria,Karanbir Singh
Austria,M Simpson-Parker
Austria,MPS Cheema
Austria,Mirza Ahsan
Austria,Razmal Shigiwal
Austria,Sahel Zadran
Austria,Shahil Momin
Austria,Umair Tariq
Bahamas,A Harris
Bahamas,D Wheatley
Bahamas,E Duff
Bahamas,Festus Benn
Bahamas,GT Taylor
Bahamas,J Jemison
Bahamas,K Hinds
Bahamas,M Taylor
Bahamas,R Davson
Bahamas,Rudolph Fox
Bahamas,Sandeep Goud
Bahrain,Abdul Majid Abbasi
Bahrain,Ahmer Bin Nisar
Bahrain,Ali Dawood
Bahrain,Asif Ali
Bahrain,DK Mathias
Bahrain,Fiaz Ahmed
Bahrain,Haider Butt
Bahrain,Imran Ali Butt
Bahrain,Imran Anwar
Bahrain,Junaid Aziz
Bahrain,P Kurup
Bahrain,Rizwan Butt
Bahrain,S Veerapathiran
Bahrain,Sarfaraz Ali
Bahrain,Sohail Ahmed
Bahrain,Umer Imtiaz
Bangladesh,Afif Hossain
Bangladesh,Anamul Haque
Bangladesh,Jaker Ali
Bangladesh,Liton Das
Bangladesh,Mahedi Hasan
Bangladesh,Mahmudullah
Bangladesh,Mashrafe Mortaza
Bangladesh,Mehedi Hasan Miraz
Bangladesh,Mohammad Ashraful
Bangladesh,Mohammad Naim
Bangladesh,Mohammad Saifuddin
Bangladesh,Mosaddek Hossain
Bangladesh,Mushfiqur Rahim
Bangladesh,Mustafizur Rahman
Bangladesh,Nasir Hossain
Bangladesh,Nasum Ahmed
Bangladesh,Nazmul Hossain Shanto
Bangladesh,Nurul Hasan
Bangladesh,Parvez Hossain Emon
Bangladesh,Rishad Hossain
Bangladesh,Rubel Hossain
Bangladesh,Sabbir Rahman
Bangladesh,Shakib Al Hasan
Bangladesh,Shamim Hossain
Bangladesh,Shoriful Islam
Bangladesh,Soumya Sarkar
Bangladesh,Tamim Iqbal
Bangladesh,Tanzid Hasan
Bangladesh,Tanzim Hasan Sakib
Bangladesh,Taskin Ahmed
Bangladesh,Towhid Hridoy
Bangladesh,Yasir Ali Chowdhury
Belgium,A Raza
Belgium,B Niaz
Belgium,Khalid Ahmadi
Belgium,Muhammad Muneeb
Belgium,Murid Ekrami
Belgium,Omid Mailk Khel
Belgium,Saber Zakhil
Belgium,Shaheryar Butt
Belgium,Sheraz Sheikh
Belgium,Wahidullah Usmani
Bermuda,AC Douglas
Bermuda,AD Dore
Bermuda,D Sabir
Bermuda,DC Stovell
Bermuda,DL Brangman
Bermuda,DMW Rawlins
Bermuda,KS Leverock
Bermuda,MO Jones
Bermuda,OGL Bascome
Bermuda,S Smith
Bermuda,T Manders
Bermuda,TS Fray
Bermuda,Z Burgess
Bhutan,GK Ghalley
Bhutan,J Singye
Bhutan,Namgay Thinley
Bhutan,RM Dorji
Bhutan,S Loday
Bhutan,S Pradhan
Bhutan,S Yeshi
Bhutan,T Jamtsho
Bhutan,T Wangchuk
Bhutan,Tenjin Rabgey
Botswana,Ameer Saiyed
Botswana,D Maisuria
Botswana,K Motlanka
Botswana,M Mooketsi
Botswana,P Silas
Botswana,R Nehonde
Botswana,T Perera
Botswana,T Tshose
Botswana,V Balakrishnan
Botswana,V Mbazo
Bulgaria,D Nikolov
Bulgaria,H Lakov
Bulgaria,IA De Silva
Bulgaria,J Albin
Bulgaria,KC D'Souza
Bulgaria,Omar Rassol
Bulgaria,P Mishra
Bulgaria,Sulaiman Ali
Cambodia,E Beukes
Cambodia,Lakshit Gupta
Cambodia,Luqman Butt
Cambodia,RR Sharan
Cambodia,S Godara
Cambodia,Salvin Stanly
Cambodia,Shah Abrar Hussain
Cambodia,US Hathinjar
Cambodia,Utkarsh Jain
Cameroon,AN Aminou
Cameroon,AN Toube
Cameroon,AR Balla
Cameroon,BN Toube
Cameroon,DB Loic
Cameroon,FJ Mpegna
Cameroon,I Tchakou
Cameroon,JB Abega
Cameroon,RGA Amah
Canada,A Johnson
Canada,D Heyliger
Canada,DS Bajwa
Canada,H Patel
Canada,H Thaker
Canada,Hamza Tariq
Canada,Jaskaran Singh
Canada,K Tathgur
Canada,Kaleem Sana
Canada,NR Kirton
Canada,NR Kumar
Canada,NS Dhaliwal
Canada,Pargat Singh
Canada,R Pathan
Canada,Ravinderpal Singh
Canada,Rizwan Cheema
Canada,S Movva
Canada,SA Wijeratne
Canada,Saad Bin Zafar
Canada,YS Samra
Cayman Islands,A Morris
Cayman Islands,AF Ifill
Cayman Islands,AR Naidoo
Cayman Islands,C Wright
Cayman Islands,J Baker
Cayman Islands,P Manning
Cayman Islands,R Walker
Cayman Islands,RA Sealy
Cayman Islands,ROC Dunka
Cayman Islands,S Foster
Cayman Islands,T Taylor
Cayman Islands,YSD Seneveratne
Croatia,A Magdalenic
Croatia,A Maheshwari
Croatia,CP Turkich
Croatia,D Marsic
Croatia,DJ Turkich
Croatia,JM Vujinovich
Cyprus,AUKDS Kalugala
Cyprus,CPPM Sadun
Cyprus,Gurpratap Singh
Cyprus,NK Tiwari
Cyprus,R Mazumder
Cyprus,S Austin
Cyprus,SN Pathirana
Cyprus,Tejwinder Singh
Czech Republic,A Ashokan
Czech Republic,Dylan Steyn
Czech Republic,Ritik Tomar
Czech Republic,S Davizi
Czech Republic,S Wickramasekara
Czech Republic,Sazib Bhuiyan
Denmark,Abdul Hashim
Denmark,Anique Uddin
Denmark,Delawar Khan
Denmark,HAM Shah
Denmark,Lucky Ali
Denmark,Musa Shaheen
Denmark,ND Laegsgaard
Denmark,OD Hald
Denmark,Rizwan Mahmood
Denmark,S Thanikaithasan
Denmark,SA Ahmad
Denmark,Surya Anand
Denmark,T Bharaj
England,AD Hales
England,AD Mascarenhas
England,AU Rashid
England,BA Stokes
England,BM Duckett
England,C Kieswetter
England,CJ Jordan
England,CR Woakes
England,DJ Malan
England,DJ Willey
England,EJG Morgan
England,GP Swann
England,HC Brook
England,JC Buttler
England,JE Root
England,JJ Roy
England,JL Denly
England,JM Bairstow
England,JM Vince
England,KP Pietersen
England,LE Plunkett
England,LJ Wright
England,LS Livingstone
England,MJ Lumb
England,MM Ali
England,OA Shah
England,PD Collingwood
England,PD Salt
England,RS Bopara
England,SCJ Broad
England,SM Curran
England,SR Patel
England,SW Billings
England,T Banton
England,TT Bresnan
England,WG Jacks
Estonia,Ali Masood
Estonia,Arslan Amjad
Estonia,Habib Khan
Estonia,M Vaik
Estonia,S Hook
Finland,AK Mohan
Finland,Amjad Sher
Finland,Atif Rasheed
Finland,Faheem Nellancheri
Finland,Ghulam Abbas Butt
Finland,JOP Scamans
Finland,Jordan O'Brien
Finland,MB Tambe
Finland,NG Collins
Finland,NM Salonen
Finland,PF Gallagher
Finland,Raaz Mohammad
Finland,VS Padhaal
France,C Roberts
France,Dawood Ahmadzai
France,G Mckeon
France,H Niaz
France,HA Jackson
France,Kamran Ahmadzai
France,L Canessane
France,Mukhtar Ghulami
France,Noman Amjad
France,Rahmatullah Mangal
France,Usman Khan
France,Zain Ahmad
Germany,Abdul-Shakoor Rahimzei
Germany,D Klein
Germany,DA Blignaut
Germany,Faisal Mubashir
Germany,Fayaz Khan
Germany,H Singh
Germany,MJ Richardson
Germany,Muslim Yar
Germany,Sahir Naqash
Germany,Talha Khan
Germany,V Ganesan
Germany,VB Chikkannaiah
Ghana,DK Anefie
Ghana,Devender Singh
Ghana,G Bakiweyem
Ghana,JK Vifah
Ghana,KS Bagabena
Ghana,M Aboagye
Ghana,OH Agbomadzie
Ghana,R Baaleri
Ghana,R Bakum
Ghana,SK Awiah
Ghana,TK Joseph
Gibraltar,A Reyes
Gibraltar,BA Pai
Gibraltar,CJ Delany
Gibraltar,IDM Latin
Gibraltar,J Horrocks
Gibraltar,JA Fitzgerald
Gibraltar,JD Freyone
Gibraltar,K Mirpuri
Gibraltar,K Nestor
Gibraltar,KJ Stagno
Gibraltar,L Bruce
Gibraltar,M Gouws
Gibraltar,PA Raikes
Gibraltar,RJ Hatchman
Gibraltar,S Bodha
Guernsey,A Martel
Guernsey,IDA Damarell
Guernsey,J Butler
Guernsey,LB Ferbrache
Guernsey,LC Le Tissier
Guernsey,MWR Stokes
Guernsey,T Nightingale
Hong Kong,A Shukla
Hong Kong,Aizaz Khan
Hong Kong,Anshuman Rath
Hong Kong,Ateeq Iqbal
Hong Kong,Babar Hayat
Hong Kong,Ehsan Khan
Hong Kong,Haroon Arshad
Hong Kong,JJ Atkinson
Hong Kong,KD Shah
Hong Kong,M Coetzee
Hong Kong,Nasrulla Rana
Hong Kong,Nizakat Khan
Hong Kong,SS McKechnie
Hong Kong,Shahid Wasif
Hong Kong,Tanwir Afzal
Hong Kong,Waqas Barkat
Hong Kong,Waqas Khan
Hong Kong,Yasim Murtaza
Hong Kong,Zeeshan Ali
Hungary,A Kheterpal
Hungary,Abbas Ghani
Hungary,Abhijeet Ahuja
Hungary,Ali Farasat
Hungary,HV Mandhyan
Hungary,Khaibar Deldar
Hungary,MP Ainsworth
Hungary,Muhammad Usman
Hungary,SA Mohandas
Hungary,V Ravindran
Hungary,Zahir Mohammed
Hungary,Zeeshan Kukikhel
India,AM Rahane
India,AR Patel
India,Abhishek Sharma
India,Arshdeep Singh
India,B Kumar
India,DJ Hooda
India,G Gambhir
India,HH Pandya
India,HV Patel
India,Harbhajan Singh
India,IK Pathan
India,Ishan Kishan
India,KD Karthik
India,KL Rahul
India,MK Pandey
India,MS Dhoni
India,R Ashwin
India,RA Jadeja
India,RD Gaikwad
India,RG Sharma
India,RK Singh
India,RR Pant
India,RV Uthappa
India,Ravi Bishnoi
India,S Dhawan
India,S Dube
India,SA Yadav
India,SK Raina
India,SS Iyer
India,SV Samson
India,Shubman Gill
India,Tilak Varma
India,V Kohli
India,V Sehwag
India,Washington Sundar
India,YBK Jaiswal
India,YK Pathan
India,Yuvraj Singh
Indonesia,AA Rahayu
Indonesia,Ahmad Ramdoni
Indonesia,Anjar Tadarus
Indonesia,DJ Hawoe
Indonesia,F Banunaek
Indonesia,GA Priandana
Indonesia,GD Arta
Indonesia,Gaurav Tiwari
Indonesia,IK Gamantika
Indonesia,IKEG Artawan
Indonesia,KC Ramamoorthy
Indonesia,KD Kesuma
Indonesia,PR Surve
Indonesia,RM Koda
Ireland,A Balbirnie
Ireland,AR Cusack
Ireland,AR McBrine
Ireland,BJ McCarthy
Ireland,C Campher
Ireland,CA Young
Ireland,GC Wilson
Ireland,GH Dockrell
Ireland,GJ Delany
Ireland,GR Adair
Ireland,HT Tector
Ireland,J Little
Ireland,JF Mooney
Ireland,KJ O'Brien
Ireland,L Tucker
Ireland,MR Adair
Ireland,NA Rock
Ireland,NJ O'Brien
Ireland,PR Stirling
Ireland,SC Getkate
Ireland,SR Thompson
Ireland,SW Poynter
Ireland,Simi Singh
Ireland,WTS Porterfield
Isle of Man,A McAuley
Isle of Man,C Hartmann
Isle of Man,CJ Langford
Isle of Man,D Jansen
Isle of Man,EF Beard
Isle of Man,G Burrows
Isle of Man,JA Burrows
Isle of Man,MJ Ansell
Isle of Man,N Knights
Italy,G Stewart
Italy,GK Berg
Italy,GP Meade
Italy,HJ Manenti
Italy,M Campopiano
Italy,Manpreet Singh
Japan,A Patmore
Japan,B Ito-Davis
Japan,C Hinze
Japan,D Suzuki
Japan,I Takahashi
Japan,K Kadowaki-Fleming
Japan,K Kato-Stafford
Japan,KH Abe
Japan,L Yamamoto-Lake
Japan,M Taniyama
Japan,P Kumbhare
Japan,R Sakurano-Thomas
Japan,S Ravichandran
Japan,W Miyauchi
Jersey,AM Tribe
Jersey,AW Hawkins-Kay
Jersey,B Ward
Jersey,BDH Stevens
Jersey,C Bisson
Jersey,C Brennan
Jersey,CW Perchard
Jersey,DG Blampied
Jersey,H Carlyon
Jersey,J Sumerauer
Jersey,JE Dunford
Jersey,JW Jenner
Jersey,NA Greenwood
Jersey,NJ Ferraby
Jersey,ZM Tribe
Kenya,AA Obanda
Kenya,CO Obuya
Kenya,IA Karim
Kenya,LN Oluoch
Kenya,MA Ouma
Kenya,NM Odhiambo
Kenya,NN Odhiambo
Kenya,P Sharma
Kenya,RG Aga
Kenya,RN Patel
Kenya,RR Patel
Kenya,S Singh
Kenya,SO Ngoche
Kenya,SR Bhudia
Kenya,T Mishra
Kuwait,Adnan Idrees
Kuwait,Bilal Tahir
Kuwait,CV Anto
Kuwait,MNM Aslam
Kuwait,Meet Bhavsar
Kuwait,Mohamed Shafeeq
Kuwait,Muhammad Umar
Kuwait,Nimish Lathief
Kuwait,R Sandaruwan
Kuwait,Sayed Monib
Kuwait,Shiraz Khan
Kuwait,Usman Patel
Kuwait,Yasin Patel
Lesotho,C Tlali
Lesotho,Maaz Khan
Luxembourg,A Halbhavi
Luxembourg,Anoop Orsu
Luxembourg,J Barker
Luxembourg,J Mees
Luxembourg,SKS Gill
Luxembourg,TC Barker
Luxembourg,V Vijh
Luxembourg,WJ Cope
Malawi,A Limdawala
Malawi,D Kansonkho
Malawi,G Kansonkho
Malawi,M Choamba
Malawi,MA Baig
Malawi,Sami Sohail
Malaysia,Ahmed Aqeel
Malaysia,Ahmed Faiz
Malaysia,Ahmed Faiz Mohammad Noor
Malaysia,Ainool Hafizs
Malaysia,Aminuddin Ramly
Malaysia,Anwar Arudin
Malaysia,Aslam Khan
Malaysia,Fitri Sham
Malaysia,Khizar Hayat
Malaysia,M Syahadat Ramli
Malaysia,Mohamed Arief
Malaysia,Muhammad Amir
Malaysia,Muhammad Wafiq
Malaysia,Pavandeep Singh
Malaysia,Rizwan Haider
Malaysia,S Muniandy
Malaysia,S Vijay Unni
Malaysia,Shafiq Sharif
Malaysia,Syazrul Idrus
Malaysia,Syed Aziz
Malaysia,Virandeep Singh
Malaysia,Zubaidi Zulkifle
Maldives,Ahmed Hassan
Maldives,Ameel Mauroof
Maldives,Azyan Farhath
Maldives,Hassan Rasheed
Maldives,Ibrahim Hassan
Maldives,Ibrahim Nashath
Maldives,Ibrahim Rizan
Maldives,KTK Rodrigo
Maldives,Mohamed Azzam
Maldives,Mohamed Rishwan
Maldives,Umar Adam
Mali,CA Keita
Mali,L Berthe
Mali,L Sanogo
Mali,MS Diakite
Mali,Mohamed Coulibaly
Mali,S Kamate
Mali,TM Macalou
Malta,Aaftab Alam Khan
Malta,B Arora
Malta,B George
Malta,Bilal Muhammad
Malta,C Sudarsanan
Malta,DR Patankar
Malta,E Mathew
Malta,Fanyan Mughal
Malta,G Thakur
Malta,HS Gericke
Malta,Imran Ameer
Malta,Jaspal Singh
Malta,Jaswinder Singh
Malta,Mehboob Ali
Malta,N Khanna
Malta,P Pushparajan
Malta,R Dianish
Malta,SB Patel
Malta,SSM Stanislaus
Malta,VP Thamotharam
Malta,Waqas Ahmad
Malta,Washeem Abbas
Malta,Zeeshan Khan
Mexico,Luis Hermida
Mexico,Praveen Santhanakrishnan
Mexico,Shantanu Kaveri
Mexico,Shashikant Laxman
Mexico,Shoaib Rafiq
Mozambique,F Damiao Couana
Mozambique,FA Cossa
Mozambique,JJ Huo
Myanmar,H Lin Aung
Myanmar,H Lin Oo
Myanmar,KK Lin Thu
Myanmar,Khin Aye
Myanmar,Paing Danu
Myanmar,Pyae Phyo Wai
Myanmar,Thuya Aung
Namibia,BM Scholtz
Namibia,CG Williams
Namibia,D Wiese
Namibia,JJ Smit
Namibia,JN Frylinck
Namibia,JN Loftie-Eaton
Namibia,JP Kotze
Namibia,M van Lingen
Namibia,MB Kruger
Namibia,MG Erasmus
Namibia,N Davin
Namibia,R Trumpelmann
Namibia,SJ Baard
Namibia,ZE Green
Nepal,AK Sah
Nepal,Aarif Sheikh
Nepal,Aasif Sheikh
Nepal,B Bhandari
Nepal,DS Airee
Nepal,G Malla
Nepal,Gulsan Jha
Nepal,K Bhurtel
Nepal,Karan KC
Nepal,Kushal Malla
Nepal,P Khadka
Nepal,RK Paudel
Nepal,S Jora
Nepal,S Vesawkar
Nepal,Sagar Pun
Nepal,Sompal Kami
Netherlands,A Dutt
Netherlands,AJ Staal
Netherlands,AT Nidamanuru
Netherlands,BFW de Leede
Netherlands,BN Cooper
Netherlands,CN Ackermann
Netherlands,FJ Klaassen
Netherlands,LV van Beek
Netherlands,M Levitt
Netherlands,MP O'Dowd
Netherlands,MR Swart
Netherlands,Mudassar Bukhari
Netherlands,NRJ Croes
Netherlands,PA van Meekeren
Netherlands,PM Seelaar
Netherlands,PW Borren
Netherlands,RE van der Merwe
Netherlands,RN ten Doeschate
Netherlands,SA Edwards
Netherlands,SJ Myburgh
Netherlands,T van der Gugten
Netherlands,TLW Cooper
Netherlands,TP Visee
Netherlands,Vikramjit Singh
Netherlands,W Barresi
New Zealand,AF Milne
New Zealand,BB McCullum
New Zealand,C Munro
New Zealand,C de Grandhomme
New Zealand,CE McConchie
New Zealand,CJ Anderson
New Zealand,D Cleaver
New Zealand,DAJ Bracewell
New Zealand,DJ Mitchell
New Zealand,DL Vettori
New Zealand,DP Conway
New Zealand,FH Allen
New Zealand,GD Elliott
New Zealand,GD Phillips
New Zealand,GJ Hopkins
New Zealand,HM Nicholls
New Zealand,IS Sodhi
New Zealand,JD Ryder
New Zealand,JDP Oram
New Zealand,JDS Neesham
New Zealand,JEC Franklin
New Zealand,KD Mills
New Zealand,KS Williamson
New Zealand,L Ronchi
New Zealand,L Vincent
New Zealand,LRPL Taylor
New Zealand,MG Bracewell
New Zealand,MJ Guptill
New Zealand,MJ Hay
New Zealand,MJ Santner
New Zealand,MS Chapman
New Zealand,NL McCullum
New Zealand,PG Fulton
New Zealand,R Ravindra
New Zealand,RJ Nicol
New Zealand,SB Styris
New Zealand,SE Bond
New Zealand,TB Robinson
New Zealand,TC Bruce
New Zealand,TG Southee
New Zealand,TL Seifert
New Zealand,TWM Latham
New Zealand,WA Young
Nigeria,A Shreshta
Nigeria,AA Onikoyi
Nigeria,AJ Ayannaike
Nigeria,C Udekwe
Nigeria,CM Akachukwu
Nigeria,CN Onwuzulike
Nigeria,D Ajekun
Nigeria,D Gim
Nigeria,I Danladi
Nigeria,IO Okpe
Nigeria,JO Adedeji
Nigeria,Mohameed Taiwo
Nigeria,O Olaleye
Nigeria,P Aho
Nigeria,P Useni
Nigeria,R Abdulkareem
Nigeria,SA Okpe
Nigeria,Selim Salau
Nigeria,Sulaimon Runsewe
Nigeria,VD Adewoye
Norway,Ali Saleem
Norway,Bilal Safdar
Norway,D Abeyrathna
Norway,E Ul Haq
Norway,Javed Maroofkhail
Norway,Khizer Ahmed
Norway,Qamar Mushtaque
Norway,Raza Iqbal
Norway,S Waqas Ahmed
Norway,Sher Sahak
Norway,Usman Arif
Norway,Vinay Ravi
Norway,Wahidullah Sahak
Norway,Walid Ghauri
Oman,Aamir Kaleem
Oman,Aqib Ilyas
Oman,Ayan Khan
Oman,Bilal Khan
Oman,Fayyaz Butt
Oman,Hammad Mirza
Oman,Jatinder Singh
Oman,KH Prajapati
Oman,Kaleemullah
Oman,Khalid Kail
Oman,Khawar Ali
Oman,Khurram Nawaz
Oman,Mehran Khan
Oman,Mohammad Nadeem
Oman,Naseem Khushi
Oman,PS Athavale
Oman,Rafiullah
Oman,Sandeep Goud
Oman,Shakeel Ahmed
Oman,Shoaib Khan
Oman,V Shukla
Oman,Wasim Ali
Oman,Zeeshan Maqsood
Pakistan,Abdul Razzaq
Pakistan,Agha Salman
Pakistan,Ahmed Shehzad
Pakistan,Asif Ali
Pakistan,Babar Azam
Pakistan,Faheem Ashraf
Pakistan,Fakhar Zaman
Pakistan,Fawad Alam
Pakistan,Haider Ali
Pakistan,Haris Rauf
Pakistan,Haris Sohail
Pakistan,Hasan Ali
Pakistan,Hussain Talat
Pakistan,Iftikhar Ahmed
Pakistan,Imad Wasim
Pakistan,Imran Nazir
Pakistan,Irfan Khan
Pakistan,Kamran Akmal
Pakistan,Khushdil Shah
Pakistan,Misbah-ul-Haq
Pakistan,Mohammad Amir
Pakistan,Mohammad Hafeez
Pakistan,Mohammad Haris
Pakistan,Mohammad Nawaz
Pakistan,Mohammad Nawaz (3)
Pakistan,Mohammad Rizwan
Pakistan,Mohammad Wasim
Pakistan,Nasir Jamshed
Pakistan,Saeed Ajmal
Pakistan,Sahibzada Farhan
Pakistan,Saim Ayub
Pakistan,Salman Butt
Pakistan,Sarfraz Ahmed
Pakistan,Shadab Khan
Pakistan,Shaheen Shah Afridi
Pakistan,Shahid Afridi
Pakistan,Shahzaib Hasan
Pakistan,Shan Masood
Pakistan,Sharjeel Khan
Pakistan,Shoaib Malik
Pakistan,Sohaib Maqsood
Pakistan,Sohail Tanvir
Pakistan,Umar Akmal
Pakistan,Umar Amin
Pakistan,Umar Gul
Pakistan,Usman Khan
Pakistan,Wahab Riaz
Pakistan,Younis Khan
Panama,A Natubhai Ahir
Panama,AM Patel
Panama,Breeze Ahir
Panama,FL Patel
Panama,Irfan Hafejee
Panama,M Sohel Patel
Panama,Mahmud Jasat
Panama,RDB Ahir
Panama,Yusuf Ebrahim
Papua New Guinea,A Vala
Papua New Guinea,CA Soper
Papua New Guinea,CJA Amini
Papua New Guinea,H Hiri
Papua New Guinea,K Doriga
Papua New Guinea,KV Morea
Papua New Guinea,L Siaka
Papua New Guinea,N Vanua
Papua New Guinea,R Hekure
Papua New Guinea,S Bau
Papua New Guinea,TP Ura
Philippines,AS Samra
Philippines,DC Smith
Philippines,HER Tyler
Philippines,Huzaifa Mohammed
Philippines,J Alegra
Philippines,M Podosky
Portugal,ARA Chambers
Portugal,Amandeep Singh
Portugal,Amir Zaib
Portugal,Azhar Andani
Portugal,F Stoman
Portugal,J Vijay
Portugal,Kuldeep
Portugal,Najjam Shahzad
Portugal,Sirajullah Khadim
Portugal,Suman Ghimire
Portugal,Zohaib Sarwar
Qatar,H Rathod
Qatar,I Liyanage
Qatar,Ikramullah Khan
Qatar,Mohammad Ahnaff
Qatar,Mohammad Rizlan
Qatar,Muhammad Tanveer
Qatar,Saqlain Arshad
Romania,Abdul Shakoor
Romania,Asif Bevinje
Romania,G Manan
Romania,Ijaz Hussain
Romania,R Satheesan
Romania,S Nadigotla
Romania,S Periyalwar
Romania,S Vashisht
Romania,Taranjeet Singh
Romania,V Saini
Rwanda,C Rububagumya
Rwanda,D Gumyusenge
Rwanda,D Ndikubwimana
Rwanda,E Dusingizimana
Rwanda,E Kubwimana
Rwanda,E Niyomugabo
Rwanda,E Rukiriza
Rwanda,E Sebareme
Rwanda,I Ntirenganya
Rwanda,K Irakoze
Rwanda,M Akayezu
Rwanda,Muhammad Nadir
Rwanda,O Manishimwe
Rwanda,O Tuyisenge
Rwanda,W Niyitanga
Rwanda,Z Bimenyimana
Samoa,CK Jasmat
Samoa,F Suluoto
Samoa,S Cotter
Samoa,SF Tiai
Saudi Arabia,Abdul Waheed
Saudi Arabia,Faisal Khan
Saudi Arabia,Hisham Sheikh
Saudi Arabia,Ishtiaq Ahmad
Saudi Arabia,Manan Ali
Saudi Arabia,Saad Khan
Saudi Arabia,Usman Khalid
Saudi Arabia,Usman Najeeb
Saudi Arabia,Waji Ul Hassan
Saudi Arabia,Zain Ul Abidin
Scotland,BJ McMullen
Scotland,CD Wallace
Scotland,CN Greaves
Scotland,CS MacLeod
Scotland,HG Munsey
Scotland,J Jarvis
Scotland,JH Davey
Scotland,KJ Coetzer
Scotland,MA Jones
Scotland,MA Leask
Scotland,MH Cross
Scotland,MRJ Watt
Scotland,OJ Hairs
Scotland,RD Berrington
Scotland,SM Sharif
Serbia,A Dizija
Serbia,A Mene-Ejegi
Serbia,LA Dunbar
Serbia,N Zimonjic
Serbia,NR Johns-Wickberg
Serbia,V Zimonjic
Serbia,WAE Burton
Sierra Leone,A Gbla
Sierra Leone,A Kainessie
Sierra Leone,A Turay
Sierra Leone,C Bah
Sierra Leone,G Ngegba
Sierra Leone,G Sesay
Sierra Leone,J Bangura
Sierra Leone,L Lamin
Sierra Leone,M Kpaka
Sierra Leone,R Coker
Sierra Leone,S Conteh
Singapore,AR Puri
Singapore,Aman Desai
Singapore,Amjad Mahboob
Singapore,Aritra Dutta
Singapore,Avi Dixit
Singapore,Janak Prakash
Singapore,Manpreet Singh
Singapore,NMS Param
Singapore,R Gaznavi
Singapore,R Rohan
Singapore,S Chandramohan
Singapore,Sidhant Singh
Singapore,TH David
Singapore,U Aryaman Sunil
Singapore,V Baskaran
Slovenia,S Koppolu
Slovenia,Shahid Arshad
Slovenia,Taher Muhammad
South Africa,AB de Villiers
South Africa,AK Markram
South Africa,AL Phehlukwayo
South Africa,BC Fortuin
South Africa,CH Morris
South Africa,D Pretorius
South Africa,D Wiese
South Africa,DA Miller
South Africa,F Behardien
South Africa,F du Plessis
South Africa,GC Smith
South Africa,GF Linde
South Africa,H Davids
South Africa,H Klaasen
South Africa,HE van der Dussen
South Africa,HH Gibbs
South Africa,HM Amla
South Africa,J Botha
South Africa,JA Morkel
South Africa,JH Kallis
South Africa,JL Ontong
South Africa,JN Malan
South Africa,JP Duminy
South Africa,JT Smuts
South Africa,K Rabada
South Africa,LE Bosman
South Africa,MV Boucher
South Africa,Q de Kock
South Africa,RE Levi
South Africa,RJ Peterson
South Africa,RR Hendricks
South Africa,RR Rossouw
South Africa,T Bavuma
South Africa,T Stubbs
South Africa,WD Parnell
Spain,Awais Ahmed
Spain,C Munoz-Mills
Spain,D Doyle-Calle
Spain,Hamza Dar
Spain,LA Burns
Spain,Mohammad Ihsan
Spain,Mohammad Kamran
Spain,Yasir Ali
Sri Lanka,A Dananjaya
Sri Lanka,AD Mathews
Sri Lanka,BKG Mendis
Sri Lanka,BMAJ Mendis
Sri Lanka,C Karunaratne
Sri Lanka,CK Kapugedera
Sri Lanka,DM de Silva
Sri Lanka,DPMD Jayawardene
Sri Lanka,GSNFG Jayasuriya
Sri Lanka,HDRL Thirimanne
Sri Lanka,I Udana
Sri Lanka,J Mubarak
Sri Lanka,KC Sangakkara
Sri Lanka,KIC Asalanka
Sri Lanka,KMDN Kulasekara
Sri Lanka,LD Chandimal
Sri Lanka,LPC Silva
Sri Lanka,M Theekshana
Sri Lanka,MD Gunathilaka
Sri Lanka,MD Shanaka
Sri Lanka,MDKJ Perera
Sri Lanka,N Dickwella
Sri Lanka,NLTC Perera
Sri Lanka,P Nissanka
Sri Lanka,PBB Rajapaksa
Sri Lanka,PHKD Mendis
Sri Lanka,PVD Chameera
Sri Lanka,PWH de Silva
Sri Lanka,S Prasanna
Sri Lanka,S Samarawickrama
Sri Lanka,SL Malinga
Sri Lanka,ST Jayasuriya
Sri Lanka,TAM Siriwardana
Sri Lanka,TM Dilshan
Sri Lanka,WIA Fernando
Sri Lanka,WU Tharanga
Sweden,W Boshoff
Switzerland,Ali Nayyer
Switzerland,Arjun Vinod
Switzerland,Idrees Ul Haque
Tanzania,AA Jasani
Tanzania,AJ Jabiri
Tanzania,AM Kimote
Tanzania,AP Rajeevan
Tanzania,AR Patwa
Tanzania,Akhil Anil
Tanzania,HA Chohan
Tanzania,II Selemani
Tanzania,Jitin Singh
Tanzania,K Nassoro
Tanzania,M Yunusu Issa
Tanzania,MO Kitunda
Tanzania,S Thakor
Tanzania,SA Jumbe
Thailand,AP Yadav
Thailand,AV Lazarus
Thailand,C Chatphaisan
Thailand,C Pengkumta
Thailand,DF Jacobs
Thailand,HJ Jordaan
Thailand,J Coetzee
Thailand,MK Thakur
Thailand,N Nuntarach
Thailand,N Pathan
Thailand,N Salekar
Thailand,N Senamontree
Thailand,P Suanchuai
Thailand,Robert Raina
Thailand,S Desungnoen
Thailand,S Rungrueang
Thailand,Vichanath Singh
Thailand,Y Saranonnakkun
Uganda,AR Ramjani
Uganda,B Masaba
Uganda,Bilal Hassun
Uganda,C Kyewuta
Uganda,CN Kakuru
Uganda,D Muhumuza
Uganda,DM Nakrani
Uganda,F Achelam
Uganda,F Akankwasa
Uganda,F Nsubuga
Uganda,H Ssenyondo
Uganda,J Baguma
Uganda,J Miyaji
Uganda,K Waiswa
Uganda,P Murungi
Uganda,R Lutaaya
Uganda,R Obuya
Uganda,RB Patel
Uganda,RG Mukasa
Uganda,Riazat Ali Shah
Uganda,S Sesazi
Uganda,SG Mangela
Uganda,Saud Islam
United Arab Emirates,A Sharafu
United Arab Emirates,Ahmed Raza
United Arab Emirates,Ali Naseer
United Arab Emirates,Amjad Javed
United Arab Emirates,Asif Khan
United Arab Emirates,Basil Hameed
United Arab Emirates,CP Rizwan
United Arab Emirates,Chirag Suri
United Arab Emirates,D Parashar
United Arab Emirates,Junaid Siddique
United Arab Emirates,Kashif Daud
United Arab Emirates,Mohammad Boota
United Arab Emirates,Mohammad Naveed
United Arab Emirates,Mohammad Shahzad (2)
United Arab Emirates,Muhammad Usman
United Arab Emirates,R Chopra
United Arab Emirates,Rameez Shahzad
United Arab Emirates,Rohan Mustafa
United Arab Emirates,SP Patil
United Arab Emirates,Shaiman Anwar
United Arab Emirates,Sultan Ahmed (2)
United Arab Emirates,V Aravind
United Arab Emirates,Waheed Ahmed
United Arab Emirates,Waseem Muhammad
United Arab Emirates,Zawar Farid
United Arab Emirates,Zuhaib Zubair
United States of America,AGS Gous
United States of America,Aaron Jones
United States of America,CJ Anderson
United States of America,Harmeet Singh
United States of America,MD Patel
United States of America,Milind Kumar
United States of America,NR Kumar
United States of America,SC van Schalkwyk
United States of America,SR Mukkamalla
United States of America,SR Taylor
United States of America,Shayan Jahangir
Vanuatu,A Mansale
Vanuatu,J Rasu
Vanuatu,J Vira
Vanuatu,JD Allan
Vanuatu,JP Kaltapau
Vanuatu,N Nipiko
Vanuatu,PK Matautaava
Vanuatu,R Tari
Vanuatu,SH Obed
Vanuatu,W Nalisa
Vanuatu,W Wotu
West Indies,AD Russell
West Indies,ADS Fletcher
West Indies,AJ Hosein
West Indies,AS Joseph
West Indies,BA King
West Indies,CAK Walton
West Indies,CH Gayle
West Indies,CR Brathwaite
West Indies,D Ramdin
West Indies,DJ Bravo
West Indies,DJG Sammy
West Indies,DM Bravo
West Indies,DR Smith
West Indies,E Lewis
West Indies,FA Allen
West Indies,G Motie
West Indies,J Charles
West Indies,JO Holder
West Indies,KA Pollard
West Indies,KR Mayers
West Indies,LMP Simmons
West Indies,MN Samuels
West Indies,N Pooran
West Indies,OF Smith
West Indies,R Powell
West Indies,R Shepherd
West Indies,RL Chase
West Indies,S Badree
West Indies,S Chanderpaul
West Indies,SD Hope
West Indies,SE Rutherford
West Indies,SO Hetmyer
West Indies,SP Narine
Zimbabwe,AG Cremer
Zimbabwe,B Muzarabani
Zimbabwe,BJ Bennett
Zimbabwe,BRM Taylor
Zimbabwe,C Madande
Zimbabwe,CJ Chibhabha
Zimbabwe,CK Coventry
Zimbabwe,CR Ervine
Zimbabwe,CT Mutombodzi
Zimbabwe,D Myers
Zimbabwe,E Chigumbura
Zimbabwe,H Masakadza
Zimbabwe,I Kaia
Zimbabwe,LM Jongwe
Zimbabwe,M Shumba
Zimbabwe,MN Waller
Zimbabwe,P Utseya
Zimbabwe,PJ Moor
Zimbabwe,R Mutumbami
Zimbabwe,R Ngarava
Zimbabwe,RP Burl
Zimbabwe,RW Chakabva
Zimbabwe,SC Williams
Zimbabwe,Sikandar Raza
Zimbabwe,T Marumani
Zimbabwe,T Munyonga
Zimbabwe,T Musekiwa
Zimbabwe,TS Kamunhukamwe
Zimbabwe,V Sibanda
Zimbabwe,W Madhevere
Zimbabwe,WP Masakadza
Argentina,Guido Angeletti
Argentina,Lucas Rossi
Australia,AJ Tye
Australia,BJ Hodge
Australia,CA Lynn
Australia,JR Philippe
Australia,NM Coulter-Nile
Bahamas,JR Barry
Bahrain,Muhammad Younis
Bangladesh,Abdur Razzak
Bangladesh,Aftab Ahmed
Bangladesh,Imrul Kayes
Bangladesh,Mohammad Mithun
Bangladesh,Naeem Islam
Belgium,Aziz Mohammad
Belize,BS Stephenson
Belize,GG Banner
Belize,L Bonner
Belize,ML Castillo
Belize,NN Banner
Belize,O Casasola
Bermuda,O Bascome
Botswana,B Khumalo
Botswana,K Piet
Botswana,M Kasselman
Brazil,LF Muller
Brazil,LH Rodrigues
Brazil,W Maximo
Brazil,Yasar Haroon
Bulgaria,Asad Ali Rehemtulla
Bulgaria,Saim Hussain
Cambodia,M Chadha
Cayman Islands,BKB Corbin
Cayman Islands,D Johnson
China,Tian Sen Qun
China,Wei Guo Lei
China,Zhuang Zelin
Cook Islands,A Parima
Cook Islands,C Dickson
Cook Islands,HB Dickson
Cook Islands,L Denny
Cook Islands,MTMMJ Ave
Cook Islands,T Parima
Cyprus,J Chialoufas
Czech Republic,Divyendra Singh
Czech Republic,Naveed Ahmed
Czech Republic,S Grover
England,JC Archer
England,JG Bethell
England,JW Dernbach
England,RJW Topley
England,S Mahmood
England,TK Curran
Estonia,Bilal Masud
Estonia,S Gooch
Estonia,Sahil Chauhan
Eswatini,Adil Butt
Eswatini,T Sandeep
Eswatini,Umair Qasim
Fiji,M Beitaki
Fiji,PV Vuniwaqa
Finland,A Pusthay
Germany,J van Heerden
Germany,Sachin Mandy
Ghana,Amoluk Singh
Ghana,KM Awala
Gibraltar,C Pyle
Greece,AS Mehmi
Greece,Aslam Mohammad
Greece,GC Galanis
Guernsey,B Fitchet
Guernsey,OB Nightingale
Hong Kong,Haseeb Amjad
Hong Kong,MS Chapman
Hong Kong,Mohammad Ghazanfar
Hungary,Abhishek Ahuja
Hungary,Ali Yalmaz
Hungary,Sheikh Rasik
Indonesia,J Dzulfikar
Ireland,DT Johnston
Ireland,EC Joyce
Ireland,MC Sorensen
Ireland,WB Rankin
Italy,AJ Mosca
Italy,BBJL Perera
Italy,J Mosca
Kenya,DM Gondaria
Kenya,E Otieno
Kenya,EB Ringera
Kenya,Gurdeep Singh
Kenya,JS Kundi
Kenya,N Mugabe
Luxembourg,A Nanda
Luxembourg,G Venkateswaran
Luxembourg,M Dixit
Maldives,Ismail Ali
Malta,Amar Sharma
Mongolia,B Namsrai
Mongolia,E Otgonbayar
Mongolia,G Ganbold
Mongolia,L Erdenebulgan
Mongolia,M Vivekanandan
Mongolia,N Naranbaatar
Mongolia,O Lutbayar
Mongolia,T Amarmend
Mongolia,T Tumursukh
Mongolia,Z Shurentsetseg
Mozambique,J Bulele
Mozambique,VE Tembo
Namibia,DO Leicher
Nepal,A Bohara
Nepal,B Yadav
Nepal,Lokesh Bam
Nepal,P Sarraf
Nepal,PS Airee
Nepal,S Lamichhane
Netherlands,TJG Pringle
New Zealand,CJ Bowes
New Zealand,LH Ferguson
New Zealand,TA Boult
Nigeria,AE Isesele
Norway,Ahmadullah Shinwari
Norway,Tafseer Ali
Pakistan,Abbas Afridi
Pakistan,Anwar Ali
Pakistan,Azam Khan
Pakistan,Khalid Latif
Pakistan,Yasir Arafat
Papua New Guinea,N Pokana
Papua New Guinea,SK Atai
Philippines,GR Russ
Philippines,R Goodwin
Portugal,D Norotam
Portugal,M Machado
Portugal,SP Gomes
Qatar,Amir Farooq
Qatar,Gayan Munaweera
Qatar,Kamran Khan
Qatar,Kamran Khan (2)
Qatar,Shahzaib Jamil
Romania,AN Lascu
Romania,Muhammad Moiz
Rwanda,Hamza Khan
Saudi Arabia,Kashif Siddique
Scotland,AC Evans
Scotland,PL Mommsen
Serbia,MV Pavlovic
Serbia,S Ivetic
Serbia,S Tosic
Seychelles,Mazharul Islam
Seychelles,N Krishna
Seychelles,SKDT Madusanka
Seychelles,SR Mohan
Sierra Leone,AL Kerai
Slovenia,DK Pallekonda
Slovenia,Izaz Ali
Slovenia,Muhammad Siddiqui
Slovenia,Rasheed Ali Mamadkhel
Slovenia,Waqar Khan
South Africa,A Nortje
South Africa,G Coetzee
South Africa,KA Maharaj
South Africa,L Ngidi
South Africa,M Jansen
South Africa,MP Breetzke
South Africa,RD Rickelton
South Africa,T Shamsi
South Korea,Aamir Lal
South Korea,Alam Nakash
South Korea,Jun Hyunwoo
South Korea,Kim Daeyeon
South Korea,Mudassir Iqbal
South Korea,Raja Shoaib
Spain,Muhammad Yasin
Spain,PD Hennessy
Spain,R Panchal
Sri Lanka,CAK Rajitha
Sri Lanka,DAS Gunaratne
Sri Lanka,EMDY Munaweera
Sri Lanka,PADLR Sandakan
Sri Lanka,SMSM Senanayake
Sweden,A Venkatesh
Sweden,Hamid Mahmood
Sweden,Imal Zuwak
Sweden,Ismaeel Zia
Sweden,Khalid Zahid
Sweden,Umar Nawaz
Switzerland,Ahmed Hassan
Switzerland,Faheem Nazir
Switzerland,NK Aneesh Kumar
Switzerland,Osama Mahmood
Tanzania,YM Nkanya
Thailand,P Thongsa
Thailand,Sarawut Maliwan
Turkey,A Turkmen
Turkey,GG Alta
Turkey,I Elec
Turkey,Ilyas Ataullah
Turkey,M Ozturk
Turkey,R Nath
Turkey,Shamsullah Ehsan
Uganda,A Otwani
United Arab Emirates,A Sharma
United Arab Emirates,Aayan Afzal Khan
United Arab Emirates,Aryan Lakra
United Arab Emirates,Ghulam Shabber
United States of America,G Singh
United States of America,JS Malhotra
United States of America,Jasdeep Singh
United States of America,NK Patel
United States of America,XM Marshall
Vanuatu,AL Stephen
Vanuatu,C Tommy
West Indies,DC Thomas
West Indies,HR Walsh
West Indies,JE Taylor
West Indies,KMA Paul
West Indies,OC McCoy
West Indies,RR Sarwan
West Indies,SJ Benn
West Indies,SSJ Brooks
West Indies,XM Marshall
Zimbabwe,CB Mpofu
Zimbabwe,J Campbell
Zimbabwe,KM Jarvis
Zimbabwe,T Maruma
Zimbabwe,T Taibu
Zimbabwe,TL Chatara
